method,calls,best_ctr,runtime_sec,param_rgb_bg_r,param_rgb_bg_g,param_rgb_bg_b,param_rgb_text_r,param_rgb_text_g,param_rgb_text_b,param_btn_w,param_btn_h,param_font_size,param_text_quality,param_whitespace_ratio,param_scroll_to_button,param_hour,param_device
Differential Evolution,2480,0.5148,2.1032493114471436,255,255,255,56,56,56,90.97772037056602,33.11737269604903,26.31204007466375,0.653952130676741,0.2763583323965645,0.09476135400974317,4,desktop
Bayesian Optimisation (GP),50,0.5056,6.988741874694824,255,255,255,57,57,57,136.96486658820663,115.0,10.0,1.0,0.4015404743970267,0.06004872802039213,20,desktop
Grid Search,6561,0.5024,5.224850177764893,255,255,255,0,0,0,160.5,24.0,10.0,0.0,0.0,0.0,23,desktop
DIRECT,109,0.4986,0.09213900566101074,255,255,255,42,42,42,76.16666666666667,39.16666666666667,28.0,0.8333333333333333,0.41666666666666663,0.05555555555555558,4,desktop
Bayesian Optimisation (GP),50,0.4326,6.272807836532593,255,255,255,12,12,12,90.121905972266,53.0594330442806,27.679484608056118,0.7790571540686915,0.036198986697625786,0.1257403903003136,2,desktop
Random Search,30,0.3886,0.02660989761352539,255,255,255,56,56,56,279.87208579342473,69.56744794441315,15.180310091845028,0.013936287708201545,0.11482801499942763,0.13182221778652103,16,desktop
